bedrooms,bathrooms,kitchen,living room,detached,modified sqft,additional sqft,2nd story,cost
0,1,0,0,0,50,0,0,12507.922592949537
0,1,0,0,0,50,0,0,11685.438601884069
0,1,0,0,0,50,0,0,5827.870188201912
0,1,0,0,0,50,0,0,8866.366279539365
0,1,0,0,0,50,0,0,8084.544292268284
0,1,0,0,0,50,0,0,5738.7587241694
0,1,0,0,0,50,0,0,6077.374488119394
0,1,0,0,0,50,0,0,13956.659678928118
0,1,0,0,0,50,0,0,7517.375409220377
0,1,0,0,0,50,0,0,9887.692914247358
0,1,0,0,0,50,0,0,5922.746475627009
0,1,0,0,0,50,0,0,9826.827704168358
0,1,0,0,0,50,0,0,9125.712136653361
0,1,0,0,0,50,0,0,10681.240171004869
0,1,0,0,0,50,0,0,9976.057732259667
0,1,0,0,0,50,0,0,11455.58257090806
0,1,0,0,0,50,0,0,8874.816858935625
0,1,0,0,0,50,0,0,9257.305116736636
0,1,0,0,0,50,0,0,10291.234895565975
0,1,0,0,0,50,0,0,11914.409261361638
0,1,0,0,0,50,0,0,9082.710272766657
0,1,0,0,0,50,0,0,8033.947272009002
0,1,0,0,0,50,0,0,8284.650869623536
0,1,0,0,0,50,0,0,8570.131618325704
0,1,0,0,0,50,0,0,7249.298839086467
0,1,0,0,0,50,0,0,10556.53249796197
0,1,0,0,0,50,0,0,5433.36393451862
0,1,0,0,0,50,0,0,7266.761115937079
0,1,0,0,0,50,0,0,12778.055383736093
0,1,0,0,0,50,0,0,9182.514925719279
0,1,0,0,0,50,0,0,7840.662259476036
0,1,0,0,0,50,0,0,8221.755965079472
0,1,0,0,0,50,0,0,7794.406257417606
0,1,0,0,0,50,0,0,9876.93640381972
0,1,0,0,0,50,0,0,13399.934709610023
0,1,0,0,0,50,0,0,5898.475730268195
0,1,0,0,0,50,0,0,9355.605860140144
0,1,0,0,0,50,0,0,8665.145316965796
0,1,0,0,0,50,0,0,8812.756594595376
0,1,0,0,0,50,0,0,8284.764071976151
0,1,0,0,0,50,0,0,14029.984335393048
0,1,0,0,0,50,0,0,6887.138249299941
0,1,0,0,0,50,0,0,13861.659473034028
0,1,0,0,0,50,0,0,11226.520996823714
0,1,0,0,0,50,0,0,10187.543390866478
0,1,0,0,0,50,0,0,11327.46871338119
0,1,0,0,0,50,0,0,7654.794506163475
0,1,0,0,0,50,0,0,11140.309018516546
0,1,0,0,0,50,0,0,9619.640696241742
0,1,0,0,0,50,0,0,10876.993397128728
0,1,0,0,0,50,0,0,12854.667019204224
0,1,0,0,0,50,0,0,11868.664740648213
0,1,0,0,0,50,0,0,12677.492749200852
0,1,0,0,0,50,0,0,11273.967333453034
0,1,0,0,0,50,0,0,13740.607900042376
0,1,0,0,0,50,0,0,9111.458398470073
0,1,0,0,0,50,0,0,11411.301522969066
0,1,0,0,0,50,0,0,13148.680333665621
0,1,0,0,0,50,0,0,9068.603320134054
0,1,0,0,0,50,0,0,5885.836514597299
0,1,0,0,0,50,0,0,10208.246605800512
0,1,0,0,0,50,0,0,12271.152790580967
0,1,0,0,0,50,0,0,11041.198924191744
0,1,0,0,0,50,0,0,11927.334066844513
0,1,0,0,0,50,0,0,13594.544452241966
0,1,0,0,0,50,0,0,12035.464355330398
0,1,0,0,0,50,0,0,10844.144350542225
0,1,0,0,0,50,0,0,9460.278075241637
0,1,0,0,0,50,0,0,8734.241280434024
0,1,0,0,0,50,0,0,14342.778988592187
0,1,0,0,0,50,0,0,12420.80562385666
0,1,0,0,0,50,0,0,13477.838208061792
0,1,0,0,0,50,0,0,9581.342519276272
0,1,0,0,0,50,0,0,13588.871169322
0,1,0,0,0,50,0,0,9127.267804538433
0,1,0,0,0,50,0,0,11853.25674417778
0,1,0,0,0,50,0,0,6312.297671267047
0,1,0,0,0,50,0,0,13155.82039821194
0,1,0,0,0,50,0,0,9256.324354223321
0,1,0,0,0,50,0,0,12298.952522472991
0,1,0,0,0,50,0,0,9073.987057465361
0,1,0,0,0,50,0,0,13286.753119240619
0,1,0,0,0,50,0,0,13251.471158825818
0,1,0,0,0,50,0,0,12248.431929329621
0,1,0,0,0,50,0,0,10645.328547083707
0,1,0,0,0,50,0,0,11539.64429783201
0,1,0,0,0,50,0,0,8566.723421197546
0,1,0,0,0,50,0,0,12018.068045764885
0,1,0,0,0,50,0,0,8681.584397104216
0,1,0,0,0,50,0,0,8741.324802798012
0,1,0,0,0,50,0,0,6554.373287021725
0,1,0,0,0,50,0,0,13594.214924723161
0,1,0,0,0,50,0,0,11211.931005155104
0,1,0,0,0,50,0,0,12630.439385147827
0,1,0,0,0,50,0,0,14725.52416816592
0,1,0,0,0,50,0,0,8760.098661798627
0,1,0,0,0,50,0,0,13782.452491522841
0,1,0,0,0,50,0,0,14991.373963911843
0,1,0,0,0,50,0,0,13449.888339371391
0,1,0,0,0,50,0,0,9733.469980106678
1,0,0,0,0,0,130,0,27988.734613883586
1,0,0,0,0,0,130,0,32938.56968036456
1,0,0,0,0,0,130,0,30785.275198488227
1,0,0,0,0,0,130,0,30987.658205785898
1,0,0,0,0,0,130,0,24878.095755273393
1,0,0,0,0,0,130,0,43412.49132898265
1,0,0,0,0,0,130,0,30021.260432020154
1,0,0,0,0,0,130,0,44366.5157867029
1,0,0,0,0,0,130,0,22764.8965781586
1,0,0,0,0,0,130,0,30498.79809561155
1,0,0,0,0,0,130,0,22035.814499262204
1,0,0,0,0,0,130,0,22761.43162956333
1,0,0,0,0,0,130,0,24305.232696406263
1,0,0,0,0,0,130,0,31320.835863043125
1,0,0,0,0,0,130,0,27071.948106394353
1,0,0,0,0,0,130,0,31861.99136229621
1,0,0,0,0,0,130,0,40107.43913404615
1,0,0,0,0,0,130,0,31416.723144140895
1,0,0,0,0,0,130,0,44439.497447111615
1,0,0,0,0,0,130,0,47840.62833737568
1,0,0,0,0,0,130,0,29691.153379007665
1,0,0,0,0,0,130,0,29245.496032527728
1,0,0,0,0,0,130,0,25415.24459743926
1,0,0,0,0,0,130,0,29812.86729275519
1,0,0,0,0,0,130,0,27294.232563964986
1,0,0,0,0,0,130,0,27035.58607541771
1,0,0,0,0,0,130,0,37786.3634321586
1,0,0,0,0,0,130,0,25717.229962749647
1,0,0,0,0,0,130,0,26394.051438037437
1,0,0,0,0,0,130,0,25008.395181224012
1,0,0,0,0,0,130,0,40806.18902602617
1,0,0,0,0,0,130,0,32934.3226949598
1,0,0,0,0,0,130,0,27780.262645555853
1,0,0,0,0,0,130,0,28702.699933298536
1,0,0,0,0,0,130,0,28462.045157069406
1,0,0,0,0,0,130,0,27557.788282316138
1,0,0,0,0,0,130,0,29634.950228731133
1,0,0,0,0,0,130,0,30290.31805304704
1,0,0,0,0,0,130,0,40310.09722438968
1,0,0,0,0,0,130,0,38552.04935196182
1,0,0,0,0,0,130,0,33973.798085450246
1,0,0,0,0,0,130,0,28310.83496781248
1,0,0,0,0,0,130,0,32481.636764108654
1,0,0,0,0,0,130,0,30130.7894540222
1,0,0,0,0,0,130,0,36766.6504088231
1,0,0,0,0,0,130,0,36240.07252144321
1,0,0,0,0,0,130,0,41403.16788046992
1,0,0,0,0,0,130,0,26663.219669304257
1,0,0,0,0,0,130,0,23434.795583954936
1,0,0,0,0,0,130,0,42302.41347548478
1,0,0,0,0,0,130,0,40796.06348589048
1,0,0,0,0,0,130,0,34510.673811107365
1,0,0,0,0,0,130,0,36812.8391001406
1,0,0,0,0,0,130,0,34976.1800485508
1,0,0,0,0,0,130,0,38108.31186889077
1,0,0,0,0,0,130,0,42608.40523334437
1,0,0,0,0,0,130,0,25941.923342233982
1,0,0,0,0,0,130,0,35999.231137332245
1,0,0,0,0,0,130,0,34726.998371415146
1,0,0,0,0,0,130,0,43436.21410425633
1,0,0,0,0,0,130,0,38732.68146786788
1,0,0,0,0,0,130,0,28113.528561763484
1,0,0,0,0,0,130,0,37351.36826496814
1,0,0,0,0,0,130,0,27353.534466989964
1,0,0,0,0,0,130,0,22999.30566935923
1,0,0,0,0,0,130,0,36065.69229675304
1,0,0,0,0,0,130,0,40014.38745916828
1,0,0,0,0,0,130,0,29788.646521870996
1,0,0,0,0,0,130,0,33551.64172940278
1,0,0,0,0,0,130,0,34091.505524621556
1,0,0,0,0,0,130,0,39919.7480166742
1,0,0,0,0,0,130,0,37086.953521671654
1,0,0,0,0,0,130,0,33704.35831744206
1,0,0,0,0,0,130,0,33110.64519445978
1,0,0,0,0,0,130,0,28510.50629853594
1,0,0,0,0,0,130,0,31921.8280545625
1,0,0,0,0,0,130,0,28338.516782136117
1,0,0,0,0,0,130,0,42290.569859215204
1,0,0,0,0,0,130,0,39607.92733213818
1,0,0,0,0,0,130,0,37768.75066530781
1,0,0,0,0,0,130,0,26221.81092858664
1,0,0,0,0,0,130,0,44922.29884178405
1,0,0,0,0,0,130,0,35371.799668945314
1,0,0,0,0,0,130,0,29980.97013841878
1,0,0,0,0,0,130,0,28713.701982256134
1,0,0,0,0,0,130,0,47086.44276236133
1,0,0,0,0,0,130,0,27320.2783206888
1,0,0,0,0,0,130,0,31486.158757482768
1,0,0,0,0,0,130,0,29116.342197927464
1,0,0,0,0,0,130,0,39158.956021240236
1,0,0,0,0,0,130,0,39685.737354377095
1,0,0,0,0,0,130,0,49334.57877198854
1,0,0,0,0,0,130,0,46906.61109117349
1,0,0,0,0,0,130,0,40098.91932352794
1,0,0,0,0,0,130,0,44622.3551706439
1,0,0,0,0,0,130,0,49072.152697342535
1,0,0,0,0,0,130,0,36468.964524953364
1,0,0,0,0,0,130,0,23126.285287868966
1,0,0,0,0,0,130,0,31942.4599465742
1,0,0,0,0,0,130,0,48299.81948281685
1,0,0,0,0,0,150,0,55709.5201385076
1,0,0,0,0,0,150,0,33069.98987393721
1,0,0,0,0,0,150,0,32067.071847219013
1,0,0,0,0,0,150,0,31318.42748964714
1,0,0,0,0,0,150,0,46322.69054025527
1,0,0,0,0,0,150,0,37678.78521518746
1,0,0,0,0,0,150,0,37453.52190131963
1,0,0,0,0,0,150,0,34099.781716510945
1,0,0,0,0,0,150,0,38200.920960985684
1,0,0,0,0,0,150,0,32742.807185468933
1,0,0,0,0,0,150,0,45325.5556784829
1,0,0,0,0,0,150,0,39336.01865081403
1,0,0,0,0,0,150,0,22595.207210559733
1,0,0,0,0,0,150,0,31041.183137926328
1,0,0,0,0,0,150,0,59556.83944145908
1,0,0,0,0,0,150,0,25904.21437492727
1,0,0,0,0,0,150,0,36175.2967834305
1,0,0,0,0,0,150,0,24616.33304992028
1,0,0,0,0,0,150,0,31652.251625709127
1,0,0,0,0,0,150,0,46082.74020929639
1,0,0,0,0,0,150,0,38528.387109151656
1,0,0,0,0,0,150,0,33972.30647474764
1,0,0,0,0,0,150,0,34191.458520948334
1,0,0,0,0,0,150,0,32528.745143710912
1,0,0,0,0,0,150,0,40859.53953612491
1,0,0,0,0,0,150,0,37225.195111435474
1,0,0,0,0,0,150,0,38435.76462117975
1,0,0,0,0,0,150,0,36437.72204289843
1,0,0,0,0,0,150,0,37935.74852406602
1,0,0,0,0,0,150,0,41086.65915300834
1,0,0,0,0,0,150,0,35627.59854650345
1,0,0,0,0,0,150,0,28447.102205904055
1,0,0,0,0,0,150,0,34720.07929055831
1,0,0,0,0,0,150,0,47697.07794756333
1,0,0,0,0,0,150,0,29462.27783754416
1,0,0,0,0,0,150,0,41928.52705333107
1,0,0,0,0,0,150,0,36944.68901930836
1,0,0,0,0,0,150,0,30987.705961318446
1,0,0,0,0,0,150,0,37380.49609756413
1,0,0,0,0,0,150,0,32418.690474124778
1,0,0,0,0,0,150,0,47449.27305621559
1,0,0,0,0,0,150,0,40912.223707753335
1,0,0,0,0,0,150,0,35595.31067987764
1,0,0,0,0,0,150,0,46952.37893724658
1,0,0,0,0,0,150,0,41938.11249076811
1,0,0,0,0,0,150,0,33775.035114613485
1,0,0,0,0,0,150,0,42792.808883782556
1,0,0,0,0,0,150,0,36888.91501410931
1,0,0,0,0,0,150,0,26465.3494114747
1,0,0,0,0,0,150,0,46256.592373782565
1,0,0,0,0,0,150,0,32221.081443566294
1,0,0,0,0,0,150,0,41939.698960353664
1,0,0,0,0,0,150,0,56034.60810159689
1,0,0,0,0,0,150,0,30194.37369671565
1,0,0,0,0,0,150,0,44858.15490700475
1,0,0,0,0,0,150,0,46754.55329359339
1,0,0,0,0,0,150,0,40824.889341710594
1,0,0,0,0,0,150,0,39669.47917946758
1,0,0,0,0,0,150,0,32788.51984556313
1,0,0,0,0,0,150,0,41993.89265816637
1,0,0,0,0,0,150,0,43898.571076573164
1,0,0,0,0,0,150,0,51583.36111685652
1,0,0,0,0,0,150,0,44728.470602517526
1,0,0,0,0,0,150,0,41226.26516241032
1,0,0,0,0,0,150,0,29124.54797143585
1,0,0,0,0,0,150,0,37710.76602209007
1,0,0,0,0,0,150,0,48001.711848812454
1,0,0,0,0,0,150,0,39725.80881475382
1,0,0,0,0,0,150,0,44189.63563248121
1,0,0,0,0,0,150,0,44841.41856808118
1,0,0,0,0,0,150,0,51933.63801250646
1,0,0,0,0,0,150,0,45140.19352809066
1,0,0,0,0,0,150,0,49470.89595048218
1,0,0,0,0,0,150,0,55266.12947728924
1,0,0,0,0,0,150,0,48044.700716414285
1,0,0,0,0,0,150,0,49618.55008311409
1,0,0,0,0,0,150,0,53223.66869315243
1,0,0,0,0,0,150,0,38317.80399534216
1,0,0,0,0,0,150,0,44537.523590663215
1,0,0,0,0,0,150,0,46140.13957148057
1,0,0,0,0,0,150,0,42714.1103783268
1,0,0,0,0,0,150,0,46938.903493579164
1,0,0,0,0,0,150,0,57425.65742071385
1,0,0,0,0,0,150,0,31617.7457668562
1,0,0,0,0,0,150,0,47091.775066511764
1,0,0,0,0,0,150,0,52994.33438823925
1,0,0,0,0,0,150,0,38953.36853901511
1,0,0,0,0,0,150,0,57131.746895491575
1,0,0,0,0,0,150,0,51570.7525363687
1,0,0,0,0,0,150,0,42297.818761605435
1,0,0,0,0,0,150,0,32709.01262053346
1,0,0,0,0,0,150,0,48828.331740114096
1,0,0,0,0,0,150,0,58239.06311305271
1,0,0,0,0,0,150,0,35066.65914505683
1,0,0,0,0,0,150,0,44343.74521743176
1,0,0,0,0,0,150,0,43503.271125029656
1,0,0,0,0,0,150,0,51605.69314666065
1,0,0,0,0,0,150,0,54225.78669867816
1,0,0,0,0,0,150,0,44705.64808252598
1,0,0,0,0,0,150,0,40288.557722302095
1,0,0,0,0,0,175,0,43940.94840829536
1,0,0,0,0,0,175,0,34242.00740969623
1,0,0,0,0,0,175,0,26410.493769466426
1,0,0,0,0,0,175,0,44488.38980510733
1,0,0,0,0,0,175,0,43006.26954575749
1,0,0,0,0,0,175,0,33198.944389950164
1,0,0,0,0,0,175,0,49465.89683269813
1,0,0,0,0,0,175,0,30159.967666010558
1,0,0,0,0,0,175,0,33215.76494120213
1,0,0,0,0,0,175,0,57141.56305718991
1,0,0,0,0,0,175,0,51908.388611941016
1,0,0,0,0,0,175,0,46381.123162553544
1,0,0,0,0,0,175,0,32927.60752575199
1,0,0,0,0,0,175,0,44260.6747814548
1,0,0,0,0,0,175,0,42465.0886246941
1,0,0,0,0,0,175,0,55585.98733723094
1,0,0,0,0,0,175,0,34092.34950456852
1,0,0,0,0,0,175,0,35824.947901793275
1,0,0,0,0,0,175,0,50790.2801052067
1,0,0,0,0,0,175,0,31309.95825087203
1,0,0,0,0,0,175,0,39377.90123998895
1,0,0,0,0,0,175,0,47713.648534089414
1,0,0,0,0,0,175,0,31652.24495751911
1,0,0,0,0,0,175,0,37827.94371360967
1,0,0,0,0,0,175,0,56425.67812635777
1,0,0,0,0,0,175,0,60646.39121928281
1,0,0,0,0,0,175,0,42479.48444714329
1,0,0,0,0,0,175,0,52062.09930783946
1,0,0,0,0,0,175,0,36833.24484265012
1,0,0,0,0,0,175,0,30747.25074745597
1,0,0,0,0,0,175,0,65521.13019262507
1,0,0,0,0,0,175,0,43737.4359983241
1,0,0,0,0,0,175,0,58423.74177061384
1,0,0,0,0,0,175,0,53140.5862096412
1,0,0,0,0,0,175,0,67786.88162552944
1,0,0,0,0,0,175,0,41712.53362965396
1,0,0,0,0,0,175,0,49558.79228504467
1,0,0,0,0,0,175,0,46971.180557319385
1,0,0,0,0,0,175,0,58811.55415181298
1,0,0,0,0,0,175,0,45306.6749886645
1,0,0,0,0,0,175,0,64777.12558468839
1,0,0,0,0,0,175,0,50715.534381469755
1,0,0,0,0,0,175,0,55220.782771871454
1,0,0,0,0,0,175,0,45521.90312766519
1,0,0,0,0,0,175,0,40224.98171061705
1,0,0,0,0,0,175,0,59643.14426158045
1,0,0,0,0,0,175,0,31816.016064763382
1,0,0,0,0,0,175,0,60131.28168198962
1,0,0,0,0,0,175,0,33211.93881703798
1,0,0,0,0,0,175,0,41951.173273423214
1,0,0,0,0,0,175,0,67290.57599773281
1,0,0,0,0,0,175,0,54279.27957289872
1,0,0,0,0,0,175,0,30884.89088574997
1,0,0,0,0,0,175,0,66201.9706359445
1,0,0,0,0,0,175,0,54230.22071081831
1,0,0,0,0,0,175,0,59049.740215959144
1,0,0,0,0,0,175,0,38936.30977319775
1,0,0,0,0,0,175,0,50341.37388480537
1,0,0,0,0,0,175,0,49061.309607454255
1,0,0,0,0,0,175,0,50602.90747198681
1,0,0,0,0,0,175,0,46328.758132481176
1,0,0,0,0,0,175,0,38922.47117801665
1,0,0,0,0,0,175,0,52439.87620050403
1,0,0,0,0,0,175,0,58331.185567731125
1,0,0,0,0,0,175,0,34727.444091983634
1,0,0,0,0,0,175,0,56718.52873568215
1,0,0,0,0,0,175,0,42014.23717955587
1,0,0,0,0,0,175,0,58648.4940447759
1,0,0,0,0,0,175,0,30755.752830908445
1,0,0,0,0,0,175,0,47118.176637764336
1,0,0,0,0,0,175,0,53800.70950602078
1,0,0,0,0,0,175,0,54006.043460356945
1,0,0,0,0,0,175,0,59984.142089280635
1,0,0,0,0,0,175,0,57687.27931490462
1,0,0,0,0,0,175,0,48356.9655294603
1,0,0,0,0,0,175,0,56375.171620065536
1,0,0,0,0,0,175,0,55402.47555294444
1,0,0,0,0,0,175,0,64882.55718743112
1,0,0,0,0,0,175,0,48156.32500572548
1,0,0,0,0,0,175,0,60919.18329005471
1,0,0,0,0,0,175,0,65072.88334083773
1,0,0,0,0,0,175,0,44086.79741041834
1,0,0,0,0,0,175,0,45878.120035359374
1,0,0,0,0,0,175,0,53701.445087515865
1,0,0,0,0,0,175,0,58801.216152519264
1,0,0,0,0,0,175,0,63537.18912906178
1,0,0,0,0,0,175,0,54221.22636697123
1,0,0,0,0,0,175,0,59406.448734940954
1,0,0,0,0,0,175,0,38697.39449776497
1,0,0,0,0,0,175,0,40941.181434460166
1,0,0,0,0,0,175,0,52218.72481546679
1,0,0,0,0,0,175,0,58400.320386944826
1,0,0,0,0,0,175,0,54433.027606667456
1,0,0,0,0,0,175,0,60723.93758933319
1,0,0,0,0,0,175,0,54269.85959119706
1,0,0,0,0,0,175,0,64749.22138445616
1,0,0,0,0,0,175,0,47638.94272480035
1,0,0,0,0,0,175,0,67926.79729578254
1,0,0,0,0,0,175,0,46799.09146406046
1,0,0,0,0,0,175,0,64807.46129961046
1,1,0,0,0,0,150,0,38527.27110804674
1,1,0,0,0,0,150,0,45896.850778015585
1,1,0,0,0,0,150,0,36177.567167120025
1,1,0,0,0,0,150,0,51533.95512979354
1,1,0,0,0,0,150,0,39691.59490664851
1,1,0,0,0,0,150,0,38874.23140167542
1,1,0,0,0,0,150,0,34742.07855715636
1,1,0,0,0,0,150,0,40062.783164580105
1,1,0,0,0,0,150,0,46593.04279792139
1,1,0,0,0,0,150,0,51873.22146753689
1,1,0,0,0,0,150,0,65680.33988869458
1,1,0,0,0,0,150,0,54360.943019881866
1,1,0,0,0,0,150,0,51104.33293669519
1,1,0,0,0,0,150,0,45181.01698407958
1,1,0,0,0,0,150,0,51254.61658340816
1,1,0,0,0,0,150,0,40648.48407921428
1,1,0,0,0,0,150,0,56010.27539239506
1,1,0,0,0,0,150,0,42595.73961282609
1,1,0,0,0,0,150,0,64292.338888801736
1,1,0,0,0,0,150,0,46213.623356266384
1,1,0,0,0,0,150,0,58621.47910058208
1,1,0,0,0,0,150,0,62414.782208315
1,1,0,0,0,0,150,0,42248.18937126991
1,1,0,0,0,0,150,0,43293.28908119007
1,1,0,0,0,0,150,0,42027.62359362208
1,1,0,0,0,0,150,0,58709.78121536891
1,1,0,0,0,0,150,0,54927.012218458185
1,1,0,0,0,0,150,0,37375.8006389504
1,1,0,0,0,0,150,0,46968.630719614695
1,1,0,0,0,0,150,0,52525.871489543984
1,1,0,0,0,0,150,0,47002.30672123913
1,1,0,0,0,0,150,0,38663.91554901589
1,1,0,0,0,0,150,0,37822.093866824864
1,1,0,0,0,0,150,0,52608.559489979205
1,1,0,0,0,0,150,0,40928.08673893717
1,1,0,0,0,0,150,0,41740.224492888265
1,1,0,0,0,0,150,0,55344.591135392344
1,1,0,0,0,0,150,0,43908.287596040995
1,1,0,0,0,0,150,0,57017.69318949765
1,1,0,0,0,0,150,0,46742.488287731554
1,1,0,0,0,0,150,0,53469.18188551703
1,1,0,0,0,0,150,0,47753.54224702642
1,1,0,0,0,0,150,0,67095.95609000602
1,1,0,0,0,0,150,0,65257.651202975525
1,1,0,0,0,0,150,0,50597.0900821759
1,1,0,0,0,0,150,0,40545.63699417351
1,1,0,0,0,0,150,0,55410.79021844989
1,1,0,0,0,0,150,0,60617.98670436315
1,1,0,0,0,0,150,0,36505.34574382637
1,1,0,0,0,0,150,0,60376.1060013503
1,1,0,0,0,0,150,0,47850.96640184066
1,1,0,0,0,0,150,0,36529.11667791588
1,1,0,0,0,0,150,0,53914.56620231278
1,1,0,0,0,0,150,0,50700.18410366158
1,1,0,0,0,0,150,0,64220.67488971603
1,1,0,0,0,0,150,0,59294.43985398192
1,1,0,0,0,0,150,0,54931.91679868536
1,1,0,0,0,0,150,0,57817.16676109842
1,1,0,0,0,0,150,0,50470.70560087664
1,1,0,0,0,0,150,0,51013.55227363183
1,1,0,0,0,0,150,0,45380.77770290502
1,1,0,0,0,0,150,0,56483.708235065744
1,1,0,0,0,0,150,0,62845.66448086925
1,1,0,0,0,0,150,0,62239.63278000038
1,1,0,0,0,0,150,0,51377.44536961463
1,1,0,0,0,0,150,0,65462.02822756751
1,1,0,0,0,0,150,0,57404.53129744833
1,1,0,0,0,0,150,0,55174.315230153385
1,1,0,0,0,0,150,0,59778.61507324399
1,1,0,0,0,0,150,0,51764.08028880593
1,1,0,0,0,0,150,0,42450.13825689288
1,1,0,0,0,0,150,0,63583.242243928486
1,1,0,0,0,0,150,0,54687.26239095832
1,1,0,0,0,0,150,0,61421.37054906011
1,1,0,0,0,0,150,0,65880.04688179944
1,1,0,0,0,0,150,0,64749.72062475284
1,1,0,0,0,0,150,0,65910.48563068597
1,1,0,0,0,0,150,0,49188.30647942702
1,1,0,0,0,0,150,0,61345.17617575396
1,1,0,0,0,0,150,0,66144.19826131932
1,1,0,0,0,0,150,0,63767.36771594717
1,1,0,0,0,0,150,0,67222.47062584759
1,1,0,0,0,0,150,0,60575.43722233056
1,1,0,0,0,0,150,0,50388.35314059279
1,1,0,0,0,0,150,0,61403.69016827566
1,1,0,0,0,0,150,0,58581.704772694204
1,1,0,0,0,0,150,0,53482.137053674414
1,1,0,0,0,0,150,0,54245.736588790794
1,1,0,0,0,0,150,0,55693.7098530509
1,1,0,0,0,0,150,0,70200.58320580318
1,1,0,0,0,0,150,0,64793.87734424538
1,1,0,0,0,0,150,0,57736.39151945351
1,1,0,0,0,0,150,0,53313.433493308665
1,1,0,0,0,0,150,0,44542.3139642785
1,1,0,0,0,0,150,0,66119.04036968914
1,1,0,0,0,0,150,0,71014.56203457274
1,1,0,0,0,0,150,0,60025.43834481327
1,1,0,0,0,0,150,0,56331.404997009995
1,1,0,0,0,0,150,0,55306.41523628433
1,1,0,0,0,0,150,0,52169.78864241252
1,1,0,0,0,0,175,0,49719.42395288195
1,1,0,0,0,0,175,0,51829.31009619192
1,1,0,0,0,0,175,0,38359.77473383616
1,1,0,0,0,0,175,0,51689.19288212812
1,1,0,0,0,0,175,0,53641.46596272175
1,1,0,0,0,0,175,0,60833.78277790275
1,1,0,0,0,0,175,0,45966.51118152903
1,1,0,0,0,0,175,0,66110.6260633402
1,1,0,0,0,0,175,0,50407.49501778376
1,1,0,0,0,0,175,0,51046.650696200006
1,1,0,0,0,0,175,0,60275.46495424899
1,1,0,0,0,0,175,0,68750.34576635406
1,1,0,0,0,0,175,0,42424.52618381867
1,1,0,0,0,0,175,0,47223.4976444587
1,1,0,0,0,0,175,0,45577.720203140736
1,1,0,0,0,0,175,0,39709.35552535784
1,1,0,0,0,0,175,0,60345.277846735175
1,1,0,0,0,0,175,0,48871.115933100984
1,1,0,0,0,0,175,0,65176.67930706257
1,1,0,0,0,0,175,0,42592.99079471048
1,1,0,0,0,0,175,0,56817.78475923161
1,1,0,0,0,0,175,0,53826.459451882096
1,1,0,0,0,0,175,0,72773.68191592077
1,1,0,0,0,0,175,0,71866.74637702867
1,1,0,0,0,0,175,0,47766.26217825264
1,1,0,0,0,0,175,0,72990.5322755273
1,1,0,0,0,0,175,0,68025.66167597874
1,1,0,0,0,0,175,0,56615.02748532273
1,1,0,0,0,0,175,0,48792.610693850474
1,1,0,0,0,0,175,0,42411.80255331254
1,1,0,0,0,0,175,0,55691.665876434156
1,1,0,0,0,0,175,0,58689.277079429055
1,1,0,0,0,0,175,0,49685.78010127757
1,1,0,0,0,0,175,0,68383.94500455847
1,1,0,0,0,0,175,0,65485.852149495215
1,1,0,0,0,0,175,0,56324.56271023107
1,1,0,0,0,0,175,0,45435.50181225174
1,1,0,0,0,0,175,0,52418.94833160186
1,1,0,0,0,0,175,0,53103.770944595926
1,1,0,0,0,0,175,0,57408.564421373885
1,1,0,0,0,0,175,0,72317.25222477091
1,1,0,0,0,0,175,0,67476.39488713961
1,1,0,0,0,0,175,0,54729.25435437502
1,1,0,0,0,0,175,0,55006.29450982562
1,1,0,0,0,0,175,0,45619.77457748005
1,1,0,0,0,0,175,0,57288.74077305836
1,1,0,0,0,0,175,0,65398.08927842081
1,1,0,0,0,0,175,0,60698.77388139572
1,1,0,0,0,0,175,0,63202.09474467584
1,1,0,0,0,0,175,0,73188.75963055107
1,1,0,0,0,0,175,0,54308.9829172512
1,1,0,0,0,0,175,0,56774.68255514567
1,1,0,0,0,0,175,0,50469.594821871855
1,1,0,0,0,0,175,0,54790.69642173548
1,1,0,0,0,0,175,0,67982.1266562902
1,1,0,0,0,0,175,0,41870.73119227139
1,1,0,0,0,0,175,0,51103.814703870135
1,1,0,0,0,0,175,0,70458.13147760782
1,1,0,0,0,0,175,0,55090.54536133269
1,1,0,0,0,0,175,0,67297.04507973531
1,1,0,0,0,0,175,0,66108.62060245409
1,1,0,0,0,0,175,0,71117.22172367616
1,1,0,0,0,0,175,0,69348.11817903125
1,1,0,0,0,0,175,0,58422.53334938601
1,1,0,0,0,0,175,0,72887.17017037042
1,1,0,0,0,0,175,0,51996.522140660134
1,1,0,0,0,0,175,0,67150.35108955577
1,1,0,0,0,0,175,0,70755.60451289608
1,1,0,0,0,0,175,0,67187.75419830704
1,1,0,0,0,0,175,0,62441.78673133564
1,1,0,0,0,0,175,0,78767.57600514751
1,1,0,0,0,0,175,0,65254.96442603133
1,1,0,0,0,0,175,0,53564.10890189475
1,1,0,0,0,0,175,0,68756.66525115778
1,1,0,0,0,0,175,0,61666.690508137704
1,1,0,0,0,0,175,0,53029.23380596851
1,1,0,0,0,0,175,0,55718.62721327451
1,1,0,0,0,0,175,0,68267.10058998554
1,1,0,0,0,0,175,0,66289.82793271911
1,1,0,0,0,0,175,0,63687.94745515386
1,1,0,0,0,0,175,0,62810.26382548765
1,1,0,0,0,0,175,0,76910.51291664866
1,1,0,0,0,0,175,0,74943.1530384892
1,1,0,0,0,0,175,0,71774.68427106013
1,1,0,0,0,0,175,0,57868.09744189786
1,1,0,0,0,0,175,0,51235.523731699104
1,1,0,0,0,0,175,0,56357.58171157617
1,1,0,0,0,0,175,0,68544.30198517474
1,1,0,0,0,0,175,0,72193.69141126976
1,1,0,0,0,0,175,0,72771.59999150172
1,1,0,0,0,0,175,0,64310.725681280936
1,1,0,0,0,0,175,0,67927.86325775304
1,1,0,0,0,0,175,0,62226.831110928084
1,1,0,0,0,0,175,0,67026.14779228534
1,1,0,0,0,0,175,0,73870.980585732
1,1,0,0,0,0,175,0,49893.09406757941
1,1,0,0,0,0,175,0,67052.34907773735
1,1,0,0,0,0,175,0,58935.054164750676
1,1,0,0,0,0,175,0,47172.29131348706
1,1,0,0,0,0,175,0,68825.09807581213
1,0,0,0,0,0,400,1,86041.43556946694
1,0,0,0,0,0,400,1,92288.1505598219
1,0,0,0,0,0,400,1,113090.22169550051
1,0,0,0,0,0,400,1,103753.47888401133
1,0,0,0,0,0,400,1,79038.03588762
1,0,0,0,0,0,400,1,63223.536027538394
1,0,0,0,0,0,400,1,81941.63497514617
1,0,0,0,0,0,400,1,60027.498581379674
1,0,0,0,0,0,400,1,78593.91190618376
1,0,0,0,0,0,400,1,100333.8889304638
1,0,0,0,0,0,400,1,88201.1179554807
1,0,0,0,0,0,400,1,80297.92457828311
1,0,0,0,0,0,400,1,98588.70116249565
1,0,0,0,0,0,400,1,111454.205307707
1,0,0,0,0,0,400,1,102942.64442807822
1,0,0,0,0,0,400,1,74455.32004610357
1,0,0,0,0,0,400,1,70572.63799625792
1,0,0,0,0,0,400,1,67722.13781999049
1,0,0,0,0,0,400,1,67633.84478932507
1,0,0,0,0,0,400,1,80107.42156802323
1,0,0,0,0,0,400,1,77456.08436529075
1,0,0,0,0,0,400,1,72835.41174110478
1,0,0,0,0,0,400,1,88845.21176723238
1,0,0,0,0,0,400,1,88162.5711315819
1,0,0,0,0,0,400,1,79103.96172644339
1,0,0,0,0,0,400,1,90169.55546094406
1,0,0,0,0,0,400,1,104385.65955589287
1,0,0,0,0,0,400,1,73269.25514988812
1,0,0,0,0,0,400,1,82527.00186247958
1,0,0,0,0,0,400,1,83317.60379444565
1,0,0,0,0,0,400,1,93395.76307635987
1,0,0,0,0,0,400,1,81788.32492228533
1,0,0,0,0,0,400,1,97271.74013811984
1,0,0,0,0,0,400,1,93117.9607589256
1,0,0,0,0,0,400,1,96390.67139887538
1,0,0,0,0,0,400,1,78067.43614586043
1,0,0,0,0,0,400,1,94420.92895109695
1,0,0,0,0,0,400,1,109692.51889753388
1,0,0,0,0,0,400,1,84899.76054298619
1,0,0,0,0,0,400,1,74036.49691175843
1,0,0,0,0,0,400,1,82099.8652070167
1,0,0,0,0,0,400,1,95013.04512861479
1,0,0,0,0,0,400,1,81751.91972345964
1,0,0,0,0,0,400,1,76570.04248418278
1,0,0,0,0,0,400,1,80980.41448978455
1,0,0,0,0,0,400,1,71397.00673260169
1,0,0,0,0,0,400,1,84380.03034482257
1,0,0,0,0,0,400,1,90720.48447554113
1,0,0,0,0,0,400,1,94346.84081975307
1,0,0,0,0,0,400,1,80528.96362522052
1,0,0,0,0,0,400,1,85935.68572378585
1,0,0,0,0,0,400,1,98459.15013308311
1,0,0,0,0,0,400,1,86808.84512386084
1,0,0,0,0,0,400,1,104172.48939721503
1,0,0,0,0,0,400,1,76742.18112706413
1,0,0,0,0,0,400,1,88576.38425884991
1,0,0,0,0,0,400,1,104751.6109511425
1,0,0,0,0,0,400,1,85702.35648963666
1,0,0,0,0,0,400,1,81489.21446930415
1,0,0,0,0,0,400,1,75980.31553575532
1,0,0,0,0,0,400,1,109421.86748103565
1,0,0,0,0,0,400,1,103770.4973024922
1,0,0,0,0,0,400,1,100624.24754539647
1,0,0,0,0,0,400,1,94479.15818961718
1,0,0,0,0,0,400,1,105815.38709098066
1,0,0,0,0,0,400,1,101603.53200929254
1,0,0,0,0,0,400,1,97077.71517131466
1,0,0,0,0,0,400,1,105462.40423785715
1,0,0,0,0,0,400,1,102003.77645646463
1,0,0,0,0,0,400,1,97639.49677130414
1,0,0,0,0,0,400,1,94202.96879632439
1,0,0,0,0,0,400,1,90471.16222471283
1,0,0,0,0,0,400,1,115132.06756713171
1,0,0,0,0,0,400,1,105734.04705856089
1,0,0,0,0,0,400,1,109423.59730831828
1,0,0,0,0,0,400,1,109698.92016191698
1,0,0,0,0,0,400,1,101201.09600554785
1,0,0,0,0,0,400,1,98938.51507858647
1,0,0,0,0,0,400,1,95673.50709261508
1,0,0,0,0,0,400,1,94486.83377519253
1,0,0,0,0,0,400,1,91541.62260262072
1,0,0,0,0,0,400,1,102590.20879665339
1,0,0,0,0,0,400,1,107965.45950588657
1,0,0,0,0,0,400,1,116235.71997649602
1,0,0,0,0,0,400,1,100083.40587846385
1,0,0,0,0,0,400,1,93687.99360188874
1,0,0,0,0,0,400,1,110234.69436720843
1,0,0,0,0,0,400,1,77926.11497899581
1,0,0,0,0,0,400,1,95159.44087756114
1,0,0,0,0,0,400,1,87368.95567212284
1,0,0,0,0,0,400,1,108188.26132670736
1,0,0,0,0,0,400,1,118533.58131887598
1,0,0,0,0,0,400,1,107313.98540524053
1,0,0,0,0,0,400,1,112700.8196120173
1,0,0,0,0,0,400,1,94450.87542267682
1,0,0,0,0,0,400,1,107525.5399157079
1,0,0,0,0,0,400,1,104093.6531451506
1,0,0,0,0,0,400,1,105565.18952759245
1,0,0,0,0,0,400,1,112892.81794322256
1,0,0,0,0,0,400,1,119008.15847050236
1,1,1,1,0,400,0,0,63102.08627211559
1,1,1,1,0,400,0,0,53009.196578035924
1,1,1,1,0,400,0,0,67289.39808872106
1,1,1,1,0,400,0,0,86466.23156287477
1,1,1,1,0,400,0,0,51260.64624683292
1,1,1,1,0,400,0,0,80816.93889451827
1,1,1,1,0,400,0,0,97828.29683945296
1,1,1,1,0,400,0,0,75146.23572238488
1,1,1,1,0,400,0,0,50308.82307100968
1,1,1,1,0,400,0,0,79822.23900688569
1,1,1,1,0,400,0,0,47673.12329444369
1,1,1,1,0,400,0,0,107286.1662173751
1,1,1,1,0,400,0,0,100429.52472097863
1,1,1,1,0,400,0,0,63577.39800279116
1,1,1,1,0,400,0,0,48645.30006609589
1,1,1,1,0,400,0,0,73829.76492841638
1,1,1,1,0,400,0,0,69117.70887244954
1,1,1,1,0,400,0,0,76247.66776058248
1,1,1,1,0,400,0,0,89625.11899423056
1,1,1,1,0,400,0,0,82921.4816265436
1,1,1,1,0,400,0,0,91225.64830927861
1,1,1,1,0,400,0,0,105287.9109268835
1,1,1,1,0,400,0,0,87181.21998487088
1,1,1,1,0,400,0,0,81985.73568358547
1,1,1,1,0,400,0,0,52723.35083890415
1,1,1,1,0,400,0,0,95344.21611573969
1,1,1,1,0,400,0,0,82675.9634699029
1,1,1,1,0,400,0,0,103773.62130695097
1,1,1,1,0,400,0,0,87051.00603047275
1,1,1,1,0,400,0,0,84702.66558190266
1,1,1,1,0,400,0,0,80544.20698206502
1,1,1,1,0,400,0,0,69539.16491777224
1,1,1,1,0,400,0,0,103505.9673785755
1,1,1,1,0,400,0,0,47498.94432136597
1,1,1,1,0,400,0,0,74630.26798927522
1,1,1,1,0,400,0,0,106375.27134327596
1,1,1,1,0,400,0,0,96043.32913220883
1,1,1,1,0,400,0,0,111008.43926279139
1,1,1,1,0,400,0,0,63571.343711154215
1,1,1,1,0,400,0,0,74034.62824779538
1,1,1,1,0,400,0,0,72459.50165490803
1,1,1,1,0,400,0,0,116624.37144875589
1,1,1,1,0,400,0,0,64306.75729952578
1,1,1,1,0,400,0,0,73160.3253297156
1,1,1,1,0,400,0,0,70499.88207231824
1,1,1,1,0,400,0,0,96954.95681251222
1,1,1,1,0,400,0,0,71068.81200697177
1,1,1,1,0,400,0,0,88831.94407347639
1,1,1,1,0,400,0,0,51442.517077968296
1,1,1,1,0,400,0,0,60827.94904322385
1,1,1,1,0,400,0,0,105403.82250712116
1,1,1,1,0,400,0,0,114676.72706663309
1,1,1,1,0,400,0,0,76847.50125162525
1,1,1,1,0,400,0,0,92001.64363689214
1,1,1,1,0,400,0,0,81712.85262618371
1,1,1,1,0,400,0,0,51813.57364010527
1,1,1,1,0,400,0,0,74580.6490963246
1,1,1,1,0,400,0,0,75110.645407417
1,1,1,1,0,400,0,0,115725.3992694454
1,1,1,1,0,400,0,0,50378.10439100893
1,1,1,1,0,400,0,0,57900.93807499333
1,1,1,1,0,400,0,0,105197.39899601536
1,1,1,1,0,400,0,0,96842.37081160164
1,1,1,1,0,400,0,0,102453.78443152286
1,1,1,1,0,400,0,0,94521.52776773578
1,1,1,1,0,400,0,0,102004.22601301354
1,1,1,1,0,400,0,0,81633.5546337436
1,1,1,1,0,400,0,0,61527.267376394855
1,1,1,1,0,400,0,0,112184.45742177086
1,1,1,1,0,400,0,0,90233.59502878436
1,1,1,1,0,400,0,0,93655.86949388296
1,1,1,1,0,400,0,0,97697.48327130411
1,1,1,1,0,400,0,0,90433.00009752739
1,1,1,1,0,400,0,0,117650.68034346934
1,1,1,1,0,400,0,0,98022.6792809321
1,1,1,1,0,400,0,0,84129.04199373096
1,1,1,1,0,400,0,0,100808.3821115982
1,1,1,1,0,400,0,0,73913.32480351858
1,1,1,1,0,400,0,0,93733.46295045072
1,1,1,1,0,400,0,0,94810.10688455636
1,1,1,1,0,400,0,0,104744.53862762579
1,1,1,1,0,400,0,0,88455.7914957467
1,1,1,1,0,400,0,0,103905.26460669353
1,1,1,1,0,400,0,0,87806.65439728062
1,1,1,1,0,400,0,0,89812.75426496228
1,1,1,1,0,400,0,0,47540.21231463014
1,1,1,1,0,400,0,0,118317.60895675582
1,1,1,1,0,400,0,0,65342.34874537711
1,1,1,1,0,400,0,0,92322.300806432
1,1,1,1,0,400,0,0,102092.84360242926
1,1,1,1,0,400,0,0,100684.88986912926
1,1,1,1,0,400,0,0,56401.30083527122
1,1,1,1,0,400,0,0,109148.65225217085
1,1,1,1,0,400,0,0,99790.77311225481
1,1,1,1,0,400,0,0,99729.46261873553
1,1,1,1,0,400,0,0,83118.36649480717
1,1,1,1,0,400,0,0,82791.33509881634
1,1,1,1,0,400,0,0,92789.17812370902
1,1,1,1,0,400,0,0,87272.4864919197
1,1,1,1,0,400,0,0,90375.8796038142
0,0,1,0,0,50,0,0,10130.83877673067
0,0,1,0,0,50,0,0,12563.404442841802
0,0,1,0,0,50,0,0,18399.738187639214
0,0,1,0,0,50,0,0,12179.623242026093
0,0,1,0,0,50,0,0,10573.00960234357
0,0,1,0,0,50,0,0,13422.529764732528
0,0,1,0,0,50,0,0,12310.911136195149
0,0,1,0,0,50,0,0,16756.53428205317
0,0,1,0,0,50,0,0,10869.56813346768
0,0,1,0,0,50,0,0,18950.886535088364
0,0,1,0,0,50,0,0,14466.60428889397
0,0,1,0,0,50,0,0,13165.37409018325
0,0,1,0,0,50,0,0,10494.566279731589
0,0,1,0,0,50,0,0,16714.60792956531
0,0,1,0,0,50,0,0,12214.918859574027
0,0,1,0,0,50,0,0,12297.82127261047
0,0,1,0,0,50,0,0,14459.078514701316
0,0,1,0,0,50,0,0,13345.214119384229
0,0,1,0,0,50,0,0,13443.600225260017
0,0,1,0,0,50,0,0,12949.35805037064
0,0,1,0,0,50,0,0,12386.526189058215
0,0,1,0,0,50,0,0,10827.815993971932
0,0,1,0,0,50,0,0,13921.324316537815
0,0,1,0,0,50,0,0,11532.282996960066
0,0,1,0,0,50,0,0,11632.083118042976
0,0,1,0,0,50,0,0,18078.072580752392
0,0,1,0,0,50,0,0,14056.233799745503
0,0,1,0,0,50,0,0,13116.71655397335
0,0,1,0,0,50,0,0,14108.358956677072
0,0,1,0,0,50,0,0,10995.842319332649
0,0,1,0,0,50,0,0,14094.52475999177
0,0,1,0,0,50,0,0,13000.694941223797
0,0,1,0,0,50,0,0,15389.394855795163
0,0,1,0,0,50,0,0,13235.208614618768
0,0,1,0,0,50,0,0,12218.120617499553
0,0,1,0,0,50,0,0,12722.018837976428
0,0,1,0,0,50,0,0,18906.085423318887
0,0,1,0,0,50,0,0,11797.40587459303
0,0,1,0,0,50,0,0,15395.336821949202
0,0,1,0,0,50,0,0,11179.792322479714
0,0,1,0,0,50,0,0,11420.882881330012
0,0,1,0,0,50,0,0,14551.125338777267
0,0,1,0,0,50,0,0,12780.793513063843
0,0,1,0,0,50,0,0,13454.397971062206
0,0,1,0,0,50,0,0,14392.062333793603
0,0,1,0,0,50,0,0,13870.377520650767
0,0,1,0,0,50,0,0,15285.20869342361
0,0,1,0,0,50,0,0,15379.015571462178
0,0,1,0,0,50,0,0,14450.338944511303
0,0,1,0,0,50,0,0,12844.230159916644
0,0,1,0,0,50,0,0,17393.682696959888
0,0,1,0,0,50,0,0,18465.815042375056
0,0,1,0,0,50,0,0,13460.055853527421
0,0,1,0,0,50,0,0,16438.36300791335
0,0,1,0,0,50,0,0,17384.20151005118
0,0,1,0,0,50,0,0,12345.857196342851
0,0,1,0,0,50,0,0,13099.147503863142
0,0,1,0,0,50,0,0,16624.203742932452
0,0,1,0,0,50,0,0,15446.126371305414
0,0,1,0,0,50,0,0,12647.60778311237
0,0,1,0,0,50,0,0,19325.415017177736
0,0,1,0,0,50,0,0,17840.25265550614
0,0,1,0,0,50,0,0,14026.745575640216
0,0,1,0,0,50,0,0,17308.491663276487
0,0,1,0,0,50,0,0,17999.682681503407
0,0,1,0,0,50,0,0,13240.228599793572
0,0,1,0,0,50,0,0,16727.633899475986
0,0,1,0,0,50,0,0,15510.876115311257
0,0,1,0,0,50,0,0,18686.9956109782
0,0,1,0,0,50,0,0,14188.81889835629
0,0,1,0,0,50,0,0,17237.263967542865
0,0,1,0,0,50,0,0,11475.66679247384
0,0,1,0,0,50,0,0,16564.014276208247
0,0,1,0,0,50,0,0,19238.809534926382
0,0,1,0,0,50,0,0,16974.879584576593
0,0,1,0,0,50,0,0,18763.051793586426
0,0,1,0,0,50,0,0,17464.1603691938
0,0,1,0,0,50,0,0,16748.84913067901
0,0,1,0,0,50,0,0,13822.924388611144
0,0,1,0,0,50,0,0,16119.419926780294
0,0,1,0,0,50,0,0,18198.447458426206
0,0,1,0,0,50,0,0,19501.620167807487
0,0,1,0,0,50,0,0,18674.688110495306
0,0,1,0,0,50,0,0,18179.33236659662
0,0,1,0,0,50,0,0,19510.153857086472
0,0,1,0,0,50,0,0,17382.226418725677
0,0,1,0,0,50,0,0,13620.498960217414
0,0,1,0,0,50,0,0,19383.71627770777
0,0,1,0,0,50,0,0,16426.367191978003
0,0,1,0,0,50,0,0,14350.771222615076
0,0,1,0,0,50,0,0,16451.10160712149
0,0,1,0,0,50,0,0,19624.874142539265
0,0,1,0,0,50,0,0,13177.597104903314
0,0,1,0,0,50,0,0,17229.349862167153
0,0,1,0,0,50,0,0,18721.377917599497
0,0,1,0,0,50,0,0,18086.25212357116
0,0,1,0,0,50,0,0,16641.927591963788
0,0,1,0,0,50,0,0,13726.05081329161
0,0,1,0,0,50,0,0,17814.05773420175
0,0,1,0,0,50,0,0,18989.789874432197
1,1,1,1,1,0,400,0,171682.8722719322
1,1,1,1,1,0,400,0,130361.45505826747
1,1,1,1,1,0,400,0,237828.20543352398
1,1,1,1,1,0,400,0,166069.02094855157
1,1,1,1,1,0,400,0,200486.31008008478
1,1,1,1,1,0,400,0,226906.9929401357
1,1,1,1,1,0,400,0,207075.17602145483
1,1,1,1,1,0,400,0,333112.0104877473
1,1,1,1,1,0,400,0,186042.78737397015
1,1,1,1,1,0,400,0,283004.269081515
1,1,1,1,1,0,400,0,147111.863334677
1,1,1,1,1,0,400,0,273411.30778529646
1,1,1,1,1,0,400,0,176028.05294963816
1,1,1,1,1,0,400,0,242632.07507873312
1,1,1,1,1,0,400,0,145385.29607366232
1,1,1,1,1,0,400,0,264789.7974194918
1,1,1,1,1,0,400,0,297503.22739966604
1,1,1,1,1,0,400,0,240803.91488061222
1,1,1,1,1,0,400,0,144700.64558456966
1,1,1,1,1,0,400,0,367978.6297582232
1,1,1,1,1,0,400,0,304451.67184212856
1,1,1,1,1,0,400,0,161600.6002191594
1,1,1,1,1,0,400,0,271157.54654517135
1,1,1,1,1,0,400,0,171837.2819040978
1,1,1,1,1,0,400,0,248988.84641479998
1,1,1,1,1,0,400,0,225691.47852595366
1,1,1,1,1,0,400,0,370049.03742301126
1,1,1,1,1,0,400,0,216796.2813058425
1,1,1,1,1,0,400,0,167649.14900071098
1,1,1,1,1,0,400,0,150791.61215591998
1,1,1,1,1,0,400,0,235405.8714933038
1,1,1,1,1,0,400,0,146224.65098187275
1,1,1,1,1,0,400,0,237614.6047050354
1,1,1,1,1,0,400,0,158403.69394468598
1,1,1,1,1,0,400,0,298778.34261404886
1,1,1,1,1,0,400,0,260407.60625641595
1,1,1,1,1,0,400,0,157993.52247906924
1,1,1,1,1,0,400,0,281447.6215883525
1,1,1,1,1,0,400,0,187063.59711283277
1,1,1,1,1,0,400,0,287579.6593251447
1,1,1,1,1,0,400,0,276250.05131209583
1,1,1,1,1,0,400,0,203906.80168801095
1,1,1,1,1,0,400,0,276271.2586559396
1,1,1,1,1,0,400,0,220456.05400001234
1,1,1,1,1,0,400,0,203068.2647120266
1,1,1,1,1,0,400,0,307289.6752232034
1,1,1,1,1,0,400,0,281860.9384463328
1,1,1,1,1,0,400,0,230526.5933189192
1,1,1,1,1,0,400,0,212142.59898722748
1,1,1,1,1,0,400,0,226875.39983655672
1,1,1,1,1,0,400,0,244009.08469534147
1,1,1,1,1,0,400,0,219325.73032396781
1,1,1,1,1,0,400,0,203439.5582398416
1,1,1,1,1,0,400,0,324525.6568520495
1,1,1,1,1,0,400,0,374317.98477594054
1,1,1,1,1,0,400,0,212928.4648188668
1,1,1,1,1,0,400,0,355420.70295397856
1,1,1,1,1,0,400,0,270740.9577099255
1,1,1,1,1,0,400,0,275179.589851579
1,1,1,1,1,0,400,0,243668.08876457406
1,1,1,1,1,0,400,0,335275.0149163909
1,1,1,1,1,0,400,0,282834.89253539813
1,1,1,1,1,0,400,0,301286.62274750724
1,1,1,1,1,0,400,0,308790.2038218041
1,1,1,1,1,0,400,0,162514.3966751543
1,1,1,1,1,0,400,0,278575.7654303482
1,1,1,1,1,0,400,0,371786.7499121871
1,1,1,1,1,0,400,0,248772.56457024565
1,1,1,1,1,0,400,0,288145.61630294466
1,1,1,1,1,0,400,0,361601.7053558702
1,1,1,1,1,0,400,0,167681.70169429437
1,1,1,1,1,0,400,0,265022.27461161127
1,1,1,1,1,0,400,0,152148.88583550235
1,1,1,1,1,0,400,0,357537.1317289005
1,1,1,1,1,0,400,0,161421.4875568406
1,1,1,1,1,0,400,0,252911.10644394514
1,1,1,1,1,0,400,0,268228.08631679014
1,1,1,1,1,0,400,0,298791.9542207576
1,1,1,1,1,0,400,0,281022.0124676073
1,1,1,1,1,0,400,0,349000.81766896823
1,1,1,1,1,0,400,0,297104.88885116007
1,1,1,1,1,0,400,0,297284.68075821694
1,1,1,1,1,0,400,0,328458.453270279
1,1,1,1,1,0,400,0,366866.143923018
1,1,1,1,1,0,400,0,294736.01047389884
1,1,1,1,1,0,400,0,344693.7046862282
1,1,1,1,1,0,400,0,365677.72742711846
1,1,1,1,1,0,400,0,362303.1479897796
1,1,1,1,1,0,400,0,258782.6795638653
1,1,1,1,1,0,400,0,370520.5835615157
1,1,1,1,1,0,400,0,249479.06932995107
1,1,1,1,1,0,400,0,370044.1933300044
1,1,1,1,1,0,400,0,339268.5247356914
1,1,1,1,1,0,400,0,324596.5400001152
1,1,1,1,1,0,400,0,208490.73088957573
1,1,1,1,1,0,400,0,346437.6339718882
1,1,1,1,1,0,400,0,240950.91836662585
1,1,1,1,1,0,400,0,202915.02302772974
1,1,1,1,1,0,400,0,316056.5314122988
1,1,1,1,1,0,400,0,344535.9479384923
0,0,0,1,0,0,216,0,26251.804836048374
0,0,0,1,0,0,216,0,19387.200892323548
0,0,0,1,0,0,216,0,32852.2565070915
0,0,0,1,0,0,216,0,33385.2029120629
0,0,0,1,0,0,216,0,18243.316035291587
0,0,0,1,0,0,216,0,27383.259464206785
0,0,0,1,0,0,216,0,24045.644654098385
0,0,0,1,0,0,216,0,19339.9114389286
0,0,0,1,0,0,216,0,35790.59015429844
0,0,0,1,0,0,216,0,19738.292897371954
0,0,0,1,0,0,216,0,20134.320520721372
0,0,0,1,0,0,216,0,24028.80277870714
0,0,0,1,0,0,216,0,37990.56844434332
0,0,0,1,0,0,216,0,26812.57949031081
0,0,0,1,0,0,216,0,22329.82741845091
0,0,0,1,0,0,216,0,21252.94507103665
0,0,0,1,0,0,216,0,24209.395864968843
0,0,0,1,0,0,216,0,28236.946863977144
0,0,0,1,0,0,216,0,23650.04435485545
0,0,0,1,0,0,216,0,25697.50225871097
0,0,0,1,0,0,216,0,32159.62967773156
0,0,0,1,0,0,216,0,30678.893716768827
0,0,0,1,0,0,216,0,29657.994976418355
0,0,0,1,0,0,216,0,25804.960320369093
0,0,0,1,0,0,216,0,23416.716879142998
0,0,0,1,0,0,216,0,40189.2087887393
0,0,0,1,0,0,216,0,18062.605642294562
0,0,0,1,0,0,216,0,26122.425370705612
0,0,0,1,0,0,216,0,23578.651494867416
0,0,0,1,0,0,216,0,22473.598020396894
0,0,0,1,0,0,216,0,27329.569001739903
0,0,0,1,0,0,216,0,29676.107220018173
0,0,0,1,0,0,216,0,23982.926923126208
0,0,0,1,0,0,216,0,20855.422990352385
0,0,0,1,0,0,216,0,31815.97019332318
0,0,0,1,0,0,216,0,33843.88351645131
0,0,0,1,0,0,216,0,31672.812485183047
0,0,0,1,0,0,216,0,30479.88550316554
0,0,0,1,0,0,216,0,34307.84500033954
0,0,0,1,0,0,216,0,25511.897386604134
0,0,0,1,0,0,216,0,26241.342421746507
0,0,0,1,0,0,216,0,39562.12576976919
0,0,0,1,0,0,216,0,29068.67912217554
0,0,0,1,0,0,216,0,25145.591981572452
0,0,0,1,0,0,216,0,28310.992695604516
0,0,0,1,0,0,216,0,32883.78180299896
0,0,0,1,0,0,216,0,31510.661543743092
0,0,0,1,0,0,216,0,33479.2522782191
0,0,0,1,0,0,216,0,30079.68639980694
0,0,0,1,0,0,216,0,27722.16309926669
0,0,0,1,0,0,216,0,36372.6783910317
0,0,0,1,0,0,216,0,37556.43142882382
0,0,0,1,0,0,216,0,32803.02326797499
0,0,0,1,0,0,216,0,33602.72347500073
0,0,0,1,0,0,216,0,22542.552309562532
0,0,0,1,0,0,216,0,39292.01647214968
0,0,0,1,0,0,216,0,23370.213991133547
0,0,0,1,0,0,216,0,38953.36182993883
0,0,0,1,0,0,216,0,24489.534691731467
0,0,0,1,0,0,216,0,32343.776243469085
0,0,0,1,0,0,216,0,25333.175097944943
0,0,0,1,0,0,216,0,23674.175541212764
0,0,0,1,0,0,216,0,30811.28808036552
0,0,0,1,0,0,216,0,39022.12237770765
0,0,0,1,0,0,216,0,27521.68740130651
0,0,0,1,0,0,216,0,27720.093652977084
0,0,0,1,0,0,216,0,20688.77472205723
0,0,0,1,0,0,216,0,35511.967921419375
0,0,0,1,0,0,216,0,23800.420847999634
0,0,0,1,0,0,216,0,33654.01643103952
0,0,0,1,0,0,216,0,29188.25251773539
0,0,0,1,0,0,216,0,36943.75503435924
0,0,0,1,0,0,216,0,29319.878036253576
0,0,0,1,0,0,216,0,30691.1765055359
0,0,0,1,0,0,216,0,20170.607033829718
0,0,0,1,0,0,216,0,32901.90622415511
0,0,0,1,0,0,216,0,33562.496585476554
0,0,0,1,0,0,216,0,29717.145159296866
0,0,0,1,0,0,216,0,35807.376611256535
0,0,0,1,0,0,216,0,26818.860006170915
0,0,0,1,0,0,216,0,38009.7936510586
0,0,0,1,0,0,216,0,40771.16293769769
0,0,0,1,0,0,216,0,35293.050508950226
0,0,0,1,0,0,216,0,34910.58476460965
0,0,0,1,0,0,216,0,29560.959068747536
0,0,0,1,0,0,216,0,39401.37258444591
0,0,0,1,0,0,216,0,37495.780881662315
0,0,0,1,0,0,216,0,38101.50048829069
0,0,0,1,0,0,216,0,28922.639443448064
0,0,0,1,0,0,216,0,36723.59495119727
0,0,0,1,0,0,216,0,42610.333170249076
0,0,0,1,0,0,216,0,42856.83790879703
0,0,0,1,0,0,216,0,25631.96540793246
0,0,0,1,0,0,216,0,42740.49115698828
0,0,0,1,0,0,216,0,38291.529545007215
0,0,0,1,0,0,216,0,37785.64316354284
0,0,0,1,0,0,216,0,37518.57719751846
0,0,0,1,0,0,216,0,22561.751956128057
0,0,0,1,0,0,216,0,29871.67783522586
0,0,0,1,0,0,216,0,24369.638117252853
